,param_activation,param_solver,param_alpha,param_hidden_layer_sizes,mean_test_score,std_test_score,rank_test_score
0,identity,adam,10.0,"[4, 5, 6, 7, 8, 9]",0.3333333333333333,0.0,601
1,identity,lbfgs,10.0,"[4, 5, 6, 7, 8, 9]",0.4412810515216165,0.0006935989417950706,481
2,identity,sgd,10.0,"[4, 5, 6, 7, 8, 9]",0.40864170283724466,0.003965057099273187,595
3,identity,adam,10.0,"[4, 5, 6, 7, 8, 9]",0.3333333333333333,0.0,601
4,identity,lbfgs,10.0,"[4, 5, 6, 7, 8, 9]",0.4412810515216165,0.0006935989417950706,481
5,identity,sgd,10.0,"[4, 5, 6, 7, 8, 9]",0.40864170283724466,0.003965057099273187,595
6,identity,adam,10.0,"[4, 5, 6, 7, 8, 9]",0.3333333333333333,0.0,601
7,identity,lbfgs,10.0,"[4, 5, 6, 7, 8, 9]",0.4412810515216165,0.0006935989417950706,481
8,identity,sgd,10.0,"[4, 5, 6, 7, 8, 9]",0.40864170283724466,0.003965057099273187,595
9,identity,adam,10.0,"[4, 5, 6, 7, 8, 9]",0.3333333333333333,0.0,601
10,identity,lbfgs,10.0,"[4, 5, 6, 7, 8, 9]",0.4412810515216165,0.0006935989417950706,481
11,identity,sgd,10.0,"[4, 5, 6, 7, 8, 9]",0.40864170283724466,0.003965057099273187,595
12,identity,adam,10.0,"[4, 5, 6, 7, 8, 9]",0.3333333333333333,0.0,601
13,identity,lbfgs,10.0,"[4, 5, 6, 7, 8, 9]",0.4412810515216165,0.0006935989417950706,481
14,identity,sgd,10.0,"[4, 5, 6, 7, 8, 9]",0.40864170283724466,0.003965057099273187,595
15,identity,adam,10.0,"[4, 5, 6, 7, 8, 9]",0.3333333333333333,0.0,601
16,identity,lbfgs,10.0,"[4, 5, 6, 7, 8, 9]",0.4412810515216165,0.0006935989417950706,481
17,identity,sgd,10.0,"[4, 5, 6, 7, 8, 9]",0.40864170283724466,0.003965057099273187,595
18,identity,adam,1.0,"[4, 5, 6, 7, 8, 9]",0.44861325682336495,0.009398777528522138,409
19,identity,lbfgs,1.0,"[4, 5, 6, 7, 8, 9]",0.44145270850192503,0.0008416588097663197,421
20,identity,sgd,1.0,"[4, 5, 6, 7, 8, 9]",0.4384609725594056,0.0021245536788337687,589
21,identity,adam,1.0,"[4, 5, 6, 7, 8, 9]",0.44861325682336495,0.009398777528522138,409
22,identity,lbfgs,1.0,"[4, 5, 6, 7, 8, 9]",0.44145270850192503,0.0008416588097663197,421
23,identity,sgd,1.0,"[4, 5, 6, 7, 8, 9]",0.4384609725594056,0.0021245536788337687,589
24,identity,adam,1.0,"[4, 5, 6, 7, 8, 9]",0.44861325682336495,0.009398777528522138,409
25,identity,lbfgs,1.0,"[4, 5, 6, 7, 8, 9]",0.44145270850192503,0.0008416588097663197,421
26,identity,sgd,1.0,"[4, 5, 6, 7, 8, 9]",0.4384609725594056,0.0021245536788337687,589
27,identity,adam,1.0,"[4, 5, 6, 7, 8, 9]",0.44861325682336495,0.009398777528522138,409
28,identity,lbfgs,1.0,"[4, 5, 6, 7, 8, 9]",0.44145270850192503,0.0008416588097663197,421
29,identity,sgd,1.0,"[4, 5, 6, 7, 8, 9]",0.4384609725594056,0.0021245536788337687,589
30,identity,adam,1.0,"[4, 5, 6, 7, 8, 9]",0.44861325682336495,0.009398777528522138,409
31,identity,lbfgs,1.0,"[4, 5, 6, 7, 8, 9]",0.44145270850192503,0.0008416588097663197,421
32,identity,sgd,1.0,"[4, 5, 6, 7, 8, 9]",0.4384609725594056,0.0021245536788337687,589
33,identity,adam,1.0,"[4, 5, 6, 7, 8, 9]",0.44861325682336495,0.009398777528522138,409
34,identity,lbfgs,1.0,"[4, 5, 6, 7, 8, 9]",0.44145270850192503,0.0008416588097663197,421
35,identity,sgd,1.0,"[4, 5, 6, 7, 8, 9]",0.4384609725594056,0.0021245536788337687,589
36,identity,adam,0.1,"[4, 5, 6, 7, 8, 9]",0.44638171607935456,0.031136161743369428,415
37,identity,lbfgs,0.1,"[4, 5, 6, 7, 8, 9]",0.44145270850192503,0.0008416588097663197,421
38,identity,sgd,0.1,"[4, 5, 6, 7, 8, 9]",0.43993231810490696,0.005180097621506357,577
39,identity,adam,0.1,"[4, 5, 6, 7, 8, 9]",0.44638171607935456,0.031136161743369428,415
40,identity,lbfgs,0.1,"[4, 5, 6, 7, 8, 9]",0.44145270850192503,0.0008416588097663197,421
41,identity,sgd,0.1,"[4, 5, 6, 7, 8, 9]",0.43993231810490696,0.005180097621506357,577
42,identity,adam,0.1,"[4, 5, 6, 7, 8, 9]",0.44638171607935456,0.031136161743369428,415
43,identity,lbfgs,0.1,"[4, 5, 6, 7, 8, 9]",0.44145270850192503,0.0008416588097663197,421
44,identity,sgd,0.1,"[4, 5, 6, 7, 8, 9]",0.43993231810490696,0.005180097621506357,577
45,identity,adam,0.1,"[4, 5, 6, 7, 8, 9]",0.44638171607935456,0.031136161743369428,415
46,identity,lbfgs,0.1,"[4, 5, 6, 7, 8, 9]",0.44145270850192503,0.0008416588097663197,421
47,identity,sgd,0.1,"[4, 5, 6, 7, 8, 9]",0.43993231810490696,0.005180097621506357,577
48,identity,adam,0.1,"[4, 5, 6, 7, 8, 9]",0.44638171607935456,0.031136161743369428,415
49,identity,lbfgs,0.1,"[4, 5, 6, 7, 8, 9]",0.44145270850192503,0.0008416588097663197,421
50,identity,sgd,0.1,"[4, 5, 6, 7, 8, 9]",0.43993231810490696,0.005180097621506357,577
51,identity,adam,0.1,"[4, 5, 6, 7, 8, 9]",0.44638171607935456,0.031136161743369428,415
52,identity,lbfgs,0.1,"[4, 5, 6, 7, 8, 9]",0.44145270850192503,0.0008416588097663197,421
53,identity,sgd,0.1,"[4, 5, 6, 7, 8, 9]",0.43993231810490696,0.005180097621506357,577
54,identity,adam,0.01,"[4, 5, 6, 7, 8, 9]",0.4394663920154982,0.004760635973366579,583
55,identity,lbfgs,0.01,"[4, 5, 6, 7, 8, 9]",0.44145270850192503,0.0008416588097663197,421
56,identity,sgd,0.01,"[4, 5, 6, 7, 8, 9]",0.44003040780794034,0.005273062861591481,571
57,identity,adam,0.01,"[4, 5, 6, 7, 8, 9]",0.4394663920154982,0.004760635973366579,583
58,identity,lbfgs,0.01,"[4, 5, 6, 7, 8, 9]",0.44145270850192503,0.0008416588097663197,421
59,identity,sgd,0.01,"[4, 5, 6, 7, 8, 9]",0.44003040780794034,0.005273062861591481,571
60,identity,adam,0.01,"[4, 5, 6, 7, 8, 9]",0.4394663920154982,0.004760635973366579,583
61,identity,lbfgs,0.01,"[4, 5, 6, 7, 8, 9]",0.44145270850192503,0.0008416588097663197,421
62,identity,sgd,0.01,"[4, 5, 6, 7, 8, 9]",0.44003040780794034,0.005273062861591481,571
63,identity,adam,0.01,"[4, 5, 6, 7, 8, 9]",0.4394663920154982,0.004760635973366579,583
64,identity,lbfgs,0.01,"[4, 5, 6, 7, 8, 9]",0.44145270850192503,0.0008416588097663197,421
65,identity,sgd,0.01,"[4, 5, 6, 7, 8, 9]",0.44003040780794034,0.005273062861591481,571
66,identity,adam,0.01,"[4, 5, 6, 7, 8, 9]",0.4394663920154982,0.004760635973366579,583
67,identity,lbfgs,0.01,"[4, 5, 6, 7, 8, 9]",0.44145270850192503,0.0008416588097663197,421
68,identity,sgd,0.01,"[4, 5, 6, 7, 8, 9]",0.44003040780794034,0.005273062861591481,571
69,identity,adam,0.01,"[4, 5, 6, 7, 8, 9]",0.4394663920154982,0.004760635973366579,583
70,identity,lbfgs,0.01,"[4, 5, 6, 7, 8, 9]",0.44145270850192503,0.0008416588097663197,421
71,identity,sgd,0.01,"[4, 5, 6, 7, 8, 9]",0.44003040780794034,0.005273062861591481,571
72,identity,adam,0.001,"[4, 5, 6, 7, 8, 9]",0.4401039750852154,0.004190250441373757,487
73,identity,lbfgs,0.001,"[4, 5, 6, 7, 8, 9]",0.44145270850192503,0.0008416588097663197,421
74,identity,sgd,0.001,"[4, 5, 6, 7, 8, 9]",0.4400794526594571,0.005307391728410499,493
75,identity,adam,0.001,"[4, 5, 6, 7, 8, 9]",0.4401039750852154,0.004190250441373757,487
76,identity,lbfgs,0.001,"[4, 5, 6, 7, 8, 9]",0.44145270850192503,0.0008416588097663197,421
77,identity,sgd,0.001,"[4, 5, 6, 7, 8, 9]",0.4400794526594571,0.005307391728410499,493
78,identity,adam,0.001,"[4, 5, 6, 7, 8, 9]",0.4401039750852154,0.004190250441373757,487
79,identity,lbfgs,0.001,"[4, 5, 6, 7, 8, 9]",0.44145270850192503,0.0008416588097663197,421
80,identity,sgd,0.001,"[4, 5, 6, 7, 8, 9]",0.4400794526594571,0.005307391728410499,493
81,identity,adam,0.001,"[4, 5, 6, 7, 8, 9]",0.4401039750852154,0.004190250441373757,487
82,identity,lbfgs,0.001,"[4, 5, 6, 7, 8, 9]",0.44145270850192503,0.0008416588097663197,421
83,identity,sgd,0.001,"[4, 5, 6, 7, 8, 9]",0.4400794526594571,0.005307391728410499,493
84,identity,adam,0.001,"[4, 5, 6, 7, 8, 9]",0.4401039750852154,0.004190250441373757,487
85,identity,lbfgs,0.001,"[4, 5, 6, 7, 8, 9]",0.44145270850192503,0.0008416588097663197,421
86,identity,sgd,0.001,"[4, 5, 6, 7, 8, 9]",0.4400794526594571,0.005307391728410499,493
87,identity,adam,0.001,"[4, 5, 6, 7, 8, 9]",0.4401039750852154,0.004190250441373757,487
88,identity,lbfgs,0.001,"[4, 5, 6, 7, 8, 9]",0.44145270850192503,0.0008416588097663197,421
89,identity,sgd,0.001,"[4, 5, 6, 7, 8, 9]",0.4400794526594571,0.005307391728410499,493
90,identity,adam,0.0001,"[4, 5, 6, 7, 8, 9]",0.4400794526594571,0.004257166565287611,493
91,identity,lbfgs,0.0001,"[4, 5, 6, 7, 8, 9]",0.44145270850192503,0.0008416588097663197,421
92,identity,sgd,0.0001,"[4, 5, 6, 7, 8, 9]",0.44005493023369874,0.005286047634814907,535
93,identity,adam,0.0001,"[4, 5, 6, 7, 8, 9]",0.4400794526594571,0.004257166565287611,493
94,identity,lbfgs,0.0001,"[4, 5, 6, 7, 8, 9]",0.44145270850192503,0.0008416588097663197,421
95,identity,sgd,0.0001,"[4, 5, 6, 7, 8, 9]",0.44005493023369874,0.005286047634814907,535
96,identity,adam,0.0001,"[4, 5, 6, 7, 8, 9]",0.4400794526594571,0.004257166565287611,493
97,identity,lbfgs,0.0001,"[4, 5, 6, 7, 8, 9]",0.44145270850192503,0.0008416588097663197,421
98,identity,sgd,0.0001,"[4, 5, 6, 7, 8, 9]",0.44005493023369874,0.005286047634814907,535
99,identity,adam,0.0001,"[4, 5, 6, 7, 8, 9]",0.4400794526594571,0.004257166565287611,493
100,identity,lbfgs,0.0001,"[4, 5, 6, 7, 8, 9]",0.44145270850192503,0.0008416588097663197,421
101,identity,sgd,0.0001,"[4, 5, 6, 7, 8, 9]",0.44005493023369874,0.005286047634814907,535
102,identity,adam,0.0001,"[4, 5, 6, 7, 8, 9]",0.4400794526594571,0.004257166565287611,493
103,identity,lbfgs,0.0001,"[4, 5, 6, 7, 8, 9]",0.44145270850192503,0.0008416588097663197,421
104,identity,sgd,0.0001,"[4, 5, 6, 7, 8, 9]",0.44005493023369874,0.005286047634814907,535
105,identity,adam,0.0001,"[4, 5, 6, 7, 8, 9]",0.4400794526594571,0.004257166565287611,493
106,identity,lbfgs,0.0001,"[4, 5, 6, 7, 8, 9]",0.44145270850192503,0.0008416588097663197,421
107,identity,sgd,0.0001,"[4, 5, 6, 7, 8, 9]",0.44005493023369874,0.005286047634814907,535
108,identity,adam,1e-05,"[4, 5, 6, 7, 8, 9]",0.4400794526594571,0.004257166565287611,493
109,identity,lbfgs,1e-05,"[4, 5, 6, 7, 8, 9]",0.44145270850192503,0.0008416588097663197,421
110,identity,sgd,1e-05,"[4, 5, 6, 7, 8, 9]",0.44005493023369874,0.005286047634814907,535
111,identity,adam,1e-05,"[4, 5, 6, 7, 8, 9]",0.4400794526594571,0.004257166565287611,493
112,identity,lbfgs,1e-05,"[4, 5, 6, 7, 8, 9]",0.44145270850192503,0.0008416588097663197,421
113,identity,sgd,1e-05,"[4, 5, 6, 7, 8, 9]",0.44005493023369874,0.005286047634814907,535
114,identity,adam,1e-05,"[4, 5, 6, 7, 8, 9]",0.4400794526594571,0.004257166565287611,493
115,identity,lbfgs,1e-05,"[4, 5, 6, 7, 8, 9]",0.44145270850192503,0.0008416588097663197,421
116,identity,sgd,1e-05,"[4, 5, 6, 7, 8, 9]",0.44005493023369874,0.005286047634814907,535
117,identity,adam,1e-05,"[4, 5, 6, 7, 8, 9]",0.4400794526594571,0.004257166565287611,493
118,identity,lbfgs,1e-05,"[4, 5, 6, 7, 8, 9]",0.44145270850192503,0.0008416588097663197,421
119,identity,sgd,1e-05,"[4, 5, 6, 7, 8, 9]",0.44005493023369874,0.005286047634814907,535
120,identity,adam,1e-05,"[4, 5, 6, 7, 8, 9]",0.4400794526594571,0.004257166565287611,493
121,identity,lbfgs,1e-05,"[4, 5, 6, 7, 8, 9]",0.44145270850192503,0.0008416588097663197,421
122,identity,sgd,1e-05,"[4, 5, 6, 7, 8, 9]",0.44005493023369874,0.005286047634814907,535
123,identity,adam,1e-05,"[4, 5, 6, 7, 8, 9]",0.4400794526594571,0.004257166565287611,493
124,identity,lbfgs,1e-05,"[4, 5, 6, 7, 8, 9]",0.44145270850192503,0.0008416588097663197,421
125,identity,sgd,1e-05,"[4, 5, 6, 7, 8, 9]",0.44005493023369874,0.005286047634814907,535
126,identity,adam,1e-06,"[4, 5, 6, 7, 8, 9]",0.4400794526594571,0.004257166565287611,493
127,identity,lbfgs,1e-06,"[4, 5, 6, 7, 8, 9]",0.44145270850192503,0.0008416588097663197,421
128,identity,sgd,1e-06,"[4, 5, 6, 7, 8, 9]",0.44005493023369874,0.005286047634814907,535
129,identity,adam,1e-06,"[4, 5, 6, 7, 8, 9]",0.4400794526594571,0.004257166565287611,493
130,identity,lbfgs,1e-06,"[4, 5, 6, 7, 8, 9]",0.44145270850192503,0.0008416588097663197,421
131,identity,sgd,1e-06,"[4, 5, 6, 7, 8, 9]",0.44005493023369874,0.005286047634814907,535
132,identity,adam,1e-06,"[4, 5, 6, 7, 8, 9]",0.4400794526594571,0.004257166565287611,493
133,identity,lbfgs,1e-06,"[4, 5, 6, 7, 8, 9]",0.44145270850192503,0.0008416588097663197,421
134,identity,sgd,1e-06,"[4, 5, 6, 7, 8, 9]",0.44005493023369874,0.005286047634814907,535
135,identity,adam,1e-06,"[4, 5, 6, 7, 8, 9]",0.4400794526594571,0.004257166565287611,493
136,identity,lbfgs,1e-06,"[4, 5, 6, 7, 8, 9]",0.44145270850192503,0.0008416588097663197,421
137,identity,sgd,1e-06,"[4, 5, 6, 7, 8, 9]",0.44005493023369874,0.005286047634814907,535
138,identity,adam,1e-06,"[4, 5, 6, 7, 8, 9]",0.4400794526594571,0.004257166565287611,493
139,identity,lbfgs,1e-06,"[4, 5, 6, 7, 8, 9]",0.44145270850192503,0.0008416588097663197,421
140,identity,sgd,1e-06,"[4, 5, 6, 7, 8, 9]",0.44005493023369874,0.005286047634814907,535
141,identity,adam,1e-06,"[4, 5, 6, 7, 8, 9]",0.4400794526594571,0.004257166565287611,493
142,identity,lbfgs,1e-06,"[4, 5, 6, 7, 8, 9]",0.44145270850192503,0.0008416588097663197,421
143,identity,sgd,1e-06,"[4, 5, 6, 7, 8, 9]",0.44005493023369874,0.005286047634814907,535
144,identity,adam,1e-07,"[4, 5, 6, 7, 8, 9]",0.4400794526594571,0.004257166565287611,493
145,identity,lbfgs,1e-07,"[4, 5, 6, 7, 8, 9]",0.44145270850192503,0.0008416588097663197,421
146,identity,sgd,1e-07,"[4, 5, 6, 7, 8, 9]",0.44005493023369874,0.005286047634814907,535
147,identity,adam,1e-07,"[4, 5, 6, 7, 8, 9]",0.4400794526594571,0.004257166565287611,493
148,identity,lbfgs,1e-07,"[4, 5, 6, 7, 8, 9]",0.44145270850192503,0.0008416588097663197,421
149,identity,sgd,1e-07,"[4, 5, 6, 7, 8, 9]",0.44005493023369874,0.005286047634814907,535
150,identity,adam,1e-07,"[4, 5, 6, 7, 8, 9]",0.4400794526594571,0.004257166565287611,493
151,identity,lbfgs,1e-07,"[4, 5, 6, 7, 8, 9]",0.44145270850192503,0.0008416588097663197,421
152,identity,sgd,1e-07,"[4, 5, 6, 7, 8, 9]",0.44005493023369874,0.005286047634814907,535
153,identity,adam,1e-07,"[4, 5, 6, 7, 8, 9]",0.4400794526594571,0.004257166565287611,493
154,identity,lbfgs,1e-07,"[4, 5, 6, 7, 8, 9]",0.44145270850192503,0.0008416588097663197,421
155,identity,sgd,1e-07,"[4, 5, 6, 7, 8, 9]",0.44005493023369874,0.005286047634814907,535
156,identity,adam,1e-07,"[4, 5, 6, 7, 8, 9]",0.4400794526594571,0.004257166565287611,493
157,identity,lbfgs,1e-07,"[4, 5, 6, 7, 8, 9]",0.44145270850192503,0.0008416588097663197,421
158,identity,sgd,1e-07,"[4, 5, 6, 7, 8, 9]",0.44005493023369874,0.005286047634814907,535
159,identity,adam,1e-07,"[4, 5, 6, 7, 8, 9]",0.4400794526594571,0.004257166565287611,493
160,identity,lbfgs,1e-07,"[4, 5, 6, 7, 8, 9]",0.44145270850192503,0.0008416588097663197,421
161,identity,sgd,1e-07,"[4, 5, 6, 7, 8, 9]",0.44005493023369874,0.005286047634814907,535
162,identity,adam,1e-08,"[4, 5, 6, 7, 8, 9]",0.4400794526594571,0.004257166565287611,493
163,identity,lbfgs,1e-08,"[4, 5, 6, 7, 8, 9]",0.44145270850192503,0.0008416588097663197,421
164,identity,sgd,1e-08,"[4, 5, 6, 7, 8, 9]",0.44005493023369874,0.005286047634814907,535
165,identity,adam,1e-08,"[4, 5, 6, 7, 8, 9]",0.4400794526594571,0.004257166565287611,493
166,identity,lbfgs,1e-08,"[4, 5, 6, 7, 8, 9]",0.44145270850192503,0.0008416588097663197,421
167,identity,sgd,1e-08,"[4, 5, 6, 7, 8, 9]",0.44005493023369874,0.005286047634814907,535
168,identity,adam,1e-08,"[4, 5, 6, 7, 8, 9]",0.4400794526594571,0.004257166565287611,493
169,identity,lbfgs,1e-08,"[4, 5, 6, 7, 8, 9]",0.44145270850192503,0.0008416588097663197,421
170,identity,sgd,1e-08,"[4, 5, 6, 7, 8, 9]",0.44005493023369874,0.005286047634814907,535
171,identity,adam,1e-08,"[4, 5, 6, 7, 8, 9]",0.4400794526594571,0.004257166565287611,493
172,identity,lbfgs,1e-08,"[4, 5, 6, 7, 8, 9]",0.44145270850192503,0.0008416588097663197,421
173,identity,sgd,1e-08,"[4, 5, 6, 7, 8, 9]",0.44005493023369874,0.005286047634814907,535
174,identity,adam,1e-08,"[4, 5, 6, 7, 8, 9]",0.4400794526594571,0.004257166565287611,493
175,identity,lbfgs,1e-08,"[4, 5, 6, 7, 8, 9]",0.44145270850192503,0.0008416588097663197,421
176,identity,sgd,1e-08,"[4, 5, 6, 7, 8, 9]",0.44005493023369874,0.005286047634814907,535
177,identity,adam,1e-08,"[4, 5, 6, 7, 8, 9]",0.4400794526594571,0.004257166565287611,493
178,identity,lbfgs,1e-08,"[4, 5, 6, 7, 8, 9]",0.44145270850192503,0.0008416588097663197,421
179,identity,sgd,1e-08,"[4, 5, 6, 7, 8, 9]",0.44005493023369874,0.005286047634814907,535
180,identity,adam,1e-09,"[4, 5, 6, 7, 8, 9]",0.4400794526594571,0.004257166565287611,493
181,identity,lbfgs,1e-09,"[4, 5, 6, 7, 8, 9]",0.44145270850192503,0.0008416588097663197,421
182,identity,sgd,1e-09,"[4, 5, 6, 7, 8, 9]",0.44005493023369874,0.005286047634814907,535
183,identity,adam,1e-09,"[4, 5, 6, 7, 8, 9]",0.4400794526594571,0.004257166565287611,493
184,identity,lbfgs,1e-09,"[4, 5, 6, 7, 8, 9]",0.44145270850192503,0.0008416588097663197,421
185,identity,sgd,1e-09,"[4, 5, 6, 7, 8, 9]",0.44005493023369874,0.005286047634814907,535
186,identity,adam,1e-09,"[4, 5, 6, 7, 8, 9]",0.4400794526594571,0.004257166565287611,493
187,identity,lbfgs,1e-09,"[4, 5, 6, 7, 8, 9]",0.44145270850192503,0.0008416588097663197,421
188,identity,sgd,1e-09,"[4, 5, 6, 7, 8, 9]",0.44005493023369874,0.005286047634814907,535
189,identity,adam,1e-09,"[4, 5, 6, 7, 8, 9]",0.4400794526594571,0.004257166565287611,493
190,identity,lbfgs,1e-09,"[4, 5, 6, 7, 8, 9]",0.44145270850192503,0.0008416588097663197,421
191,identity,sgd,1e-09,"[4, 5, 6, 7, 8, 9]",0.44005493023369874,0.005286047634814907,535
192,identity,adam,1e-09,"[4, 5, 6, 7, 8, 9]",0.4400794526594571,0.004257166565287611,493
193,identity,lbfgs,1e-09,"[4, 5, 6, 7, 8, 9]",0.44145270850192503,0.0008416588097663197,421
194,identity,sgd,1e-09,"[4, 5, 6, 7, 8, 9]",0.44005493023369874,0.005286047634814907,535
195,identity,adam,1e-09,"[4, 5, 6, 7, 8, 9]",0.4400794526594571,0.004257166565287611,493
196,identity,lbfgs,1e-09,"[4, 5, 6, 7, 8, 9]",0.44145270850192503,0.0008416588097663197,421
197,identity,sgd,1e-09,"[4, 5, 6, 7, 8, 9]",0.44005493023369874,0.005286047634814907,535
198,logistic,adam,10.0,"[4, 5, 6, 7, 8, 9]",0.3333333333333333,0.0,601
199,logistic,lbfgs,10.0,"[4, 5, 6, 7, 8, 9]",0.3333333333333333,0.0,601
200,logistic,sgd,10.0,"[4, 5, 6, 7, 8, 9]",0.3333333333333333,0.0,601
201,logistic,adam,10.0,"[4, 5, 6, 7, 8, 9]",0.3333333333333333,0.0,601
202,logistic,lbfgs,10.0,"[4, 5, 6, 7, 8, 9]",0.3333333333333333,0.0,601
203,logistic,sgd,10.0,"[4, 5, 6, 7, 8, 9]",0.3333333333333333,0.0,601
204,logistic,adam,10.0,"[4, 5, 6, 7, 8, 9]",0.3333333333333333,0.0,601
205,logistic,lbfgs,10.0,"[4, 5, 6, 7, 8, 9]",0.3333333333333333,0.0,601
206,logistic,sgd,10.0,"[4, 5, 6, 7, 8, 9]",0.3333333333333333,0.0,601
207,logistic,adam,10.0,"[4, 5, 6, 7, 8, 9]",0.3333333333333333,0.0,601
208,logistic,lbfgs,10.0,"[4, 5, 6, 7, 8, 9]",0.3333333333333333,0.0,601
209,logistic,sgd,10.0,"[4, 5, 6, 7, 8, 9]",0.3333333333333333,0.0,601
210,logistic,adam,10.0,"[4, 5, 6, 7, 8, 9]",0.3333333333333333,0.0,601
211,logistic,lbfgs,10.0,"[4, 5, 6, 7, 8, 9]",0.3333333333333333,0.0,601
212,logistic,sgd,10.0,"[4, 5, 6, 7, 8, 9]",0.3333333333333333,0.0,601
213,logistic,adam,10.0,"[4, 5, 6, 7, 8, 9]",0.3333333333333333,0.0,601
214,logistic,lbfgs,10.0,"[4, 5, 6, 7, 8, 9]",0.3333333333333333,0.0,601
215,logistic,sgd,10.0,"[4, 5, 6, 7, 8, 9]",0.3333333333333333,0.0,601
216,logistic,adam,1.0,"[4, 5, 6, 7, 8, 9]",0.3333333333333333,0.0,601
217,logistic,lbfgs,1.0,"[4, 5, 6, 7, 8, 9]",0.3333333333333333,0.0,601
218,logistic,sgd,1.0,"[4, 5, 6, 7, 8, 9]",0.3333333333333333,0.0,601
219,logistic,adam,1.0,"[4, 5, 6, 7, 8, 9]",0.3333333333333333,0.0,601
220,logistic,lbfgs,1.0,"[4, 5, 6, 7, 8, 9]",0.3333333333333333,0.0,601
221,logistic,sgd,1.0,"[4, 5, 6, 7, 8, 9]",0.3333333333333333,0.0,601
222,logistic,adam,1.0,"[4, 5, 6, 7, 8, 9]",0.3333333333333333,0.0,601
223,logistic,lbfgs,1.0,"[4, 5, 6, 7, 8, 9]",0.3333333333333333,0.0,601
224,logistic,sgd,1.0,"[4, 5, 6, 7, 8, 9]",0.3333333333333333,0.0,601
225,logistic,adam,1.0,"[4, 5, 6, 7, 8, 9]",0.3333333333333333,0.0,601
226,logistic,lbfgs,1.0,"[4, 5, 6, 7, 8, 9]",0.3333333333333333,0.0,601
227,logistic,sgd,1.0,"[4, 5, 6, 7, 8, 9]",0.3333333333333333,0.0,601
228,logistic,adam,1.0,"[4, 5, 6, 7, 8, 9]",0.3333333333333333,0.0,601
229,logistic,lbfgs,1.0,"[4, 5, 6, 7, 8, 9]",0.3333333333333333,0.0,601
230,logistic,sgd,1.0,"[4, 5, 6, 7, 8, 9]",0.3333333333333333,0.0,601
231,logistic,adam,1.0,"[4, 5, 6, 7, 8, 9]",0.3333333333333333,0.0,601
232,logistic,lbfgs,1.0,"[4, 5, 6, 7, 8, 9]",0.3333333333333333,0.0,601
233,logistic,sgd,1.0,"[4, 5, 6, 7, 8, 9]",0.3333333333333333,0.0,601
234,logistic,adam,0.1,"[4, 5, 6, 7, 8, 9]",0.3333333333333333,0.0,601
235,logistic,lbfgs,0.1,"[4, 5, 6, 7, 8, 9]",0.3333333333333333,0.0,601
236,logistic,sgd,0.1,"[4, 5, 6, 7, 8, 9]",0.3333333333333333,0.0,601
237,logistic,adam,0.1,"[4, 5, 6, 7, 8, 9]",0.3333333333333333,0.0,601
238,logistic,lbfgs,0.1,"[4, 5, 6, 7, 8, 9]",0.3333333333333333,0.0,601
239,logistic,sgd,0.1,"[4, 5, 6, 7, 8, 9]",0.3333333333333333,0.0,601
240,logistic,adam,0.1,"[4, 5, 6, 7, 8, 9]",0.3333333333333333,0.0,601
241,logistic,lbfgs,0.1,"[4, 5, 6, 7, 8, 9]",0.3333333333333333,0.0,601
242,logistic,sgd,0.1,"[4, 5, 6, 7, 8, 9]",0.3333333333333333,0.0,601
243,logistic,adam,0.1,"[4, 5, 6, 7, 8, 9]",0.3333333333333333,0.0,601
244,logistic,lbfgs,0.1,"[4, 5, 6, 7, 8, 9]",0.3333333333333333,0.0,601
245,logistic,sgd,0.1,"[4, 5, 6, 7, 8, 9]",0.3333333333333333,0.0,601
246,logistic,adam,0.1,"[4, 5, 6, 7, 8, 9]",0.3333333333333333,0.0,601
247,logistic,lbfgs,0.1,"[4, 5, 6, 7, 8, 9]",0.3333333333333333,0.0,601
248,logistic,sgd,0.1,"[4, 5, 6, 7, 8, 9]",0.3333333333333333,0.0,601
249,logistic,adam,0.1,"[4, 5, 6, 7, 8, 9]",0.3333333333333333,0.0,601
250,logistic,lbfgs,0.1,"[4, 5, 6, 7, 8, 9]",0.3333333333333333,0.0,601
251,logistic,sgd,0.1,"[4, 5, 6, 7, 8, 9]",0.3333333333333333,0.0,601
252,logistic,adam,0.01,"[4, 5, 6, 7, 8, 9]",0.3333333333333333,0.0,601
253,logistic,lbfgs,0.01,"[4, 5, 6, 7, 8, 9]",0.3333333333333333,0.0,601
254,logistic,sgd,0.01,"[4, 5, 6, 7, 8, 9]",0.3333333333333333,0.0,601
255,logistic,adam,0.01,"[4, 5, 6, 7, 8, 9]",0.3333333333333333,0.0,601
256,logistic,lbfgs,0.01,"[4, 5, 6, 7, 8, 9]",0.3333333333333333,0.0,601
257,logistic,sgd,0.01,"[4, 5, 6, 7, 8, 9]",0.3333333333333333,0.0,601
258,logistic,adam,0.01,"[4, 5, 6, 7, 8, 9]",0.3333333333333333,0.0,601
259,logistic,lbfgs,0.01,"[4, 5, 6, 7, 8, 9]",0.3333333333333333,0.0,601
260,logistic,sgd,0.01,"[4, 5, 6, 7, 8, 9]",0.3333333333333333,0.0,601
261,logistic,adam,0.01,"[4, 5, 6, 7, 8, 9]",0.3333333333333333,0.0,601
262,logistic,lbfgs,0.01,"[4, 5, 6, 7, 8, 9]",0.3333333333333333,0.0,601
263,logistic,sgd,0.01,"[4, 5, 6, 7, 8, 9]",0.3333333333333333,0.0,601
264,logistic,adam,0.01,"[4, 5, 6, 7, 8, 9]",0.3333333333333333,0.0,601
265,logistic,lbfgs,0.01,"[4, 5, 6, 7, 8, 9]",0.3333333333333333,0.0,601
266,logistic,sgd,0.01,"[4, 5, 6, 7, 8, 9]",0.3333333333333333,0.0,601
267,logistic,adam,0.01,"[4, 5, 6, 7, 8, 9]",0.3333333333333333,0.0,601
268,logistic,lbfgs,0.01,"[4, 5, 6, 7, 8, 9]",0.3333333333333333,0.0,601
269,logistic,sgd,0.01,"[4, 5, 6, 7, 8, 9]",0.3333333333333333,0.0,601
270,logistic,adam,0.001,"[4, 5, 6, 7, 8, 9]",0.3333333333333333,0.0,601
271,logistic,lbfgs,0.001,"[4, 5, 6, 7, 8, 9]",0.3333333333333333,0.0,601
272,logistic,sgd,0.001,"[4, 5, 6, 7, 8, 9]",0.3333333333333333,0.0,601
273,logistic,adam,0.001,"[4, 5, 6, 7, 8, 9]",0.3333333333333333,0.0,601
274,logistic,lbfgs,0.001,"[4, 5, 6, 7, 8, 9]",0.3333333333333333,0.0,601
275,logistic,sgd,0.001,"[4, 5, 6, 7, 8, 9]",0.3333333333333333,0.0,601
276,logistic,adam,0.001,"[4, 5, 6, 7, 8, 9]",0.3333333333333333,0.0,601
277,logistic,lbfgs,0.001,"[4, 5, 6, 7, 8, 9]",0.3333333333333333,0.0,601
278,logistic,sgd,0.001,"[4, 5, 6, 7, 8, 9]",0.3333333333333333,0.0,601
279,logistic,adam,0.001,"[4, 5, 6, 7, 8, 9]",0.3333333333333333,0.0,601
280,logistic,lbfgs,0.001,"[4, 5, 6, 7, 8, 9]",0.3333333333333333,0.0,601
281,logistic,sgd,0.001,"[4, 5, 6, 7, 8, 9]",0.3333333333333333,0.0,601
282,logistic,adam,0.001,"[4, 5, 6, 7, 8, 9]",0.3333333333333333,0.0,601
283,logistic,lbfgs,0.001,"[4, 5, 6, 7, 8, 9]",0.3333333333333333,0.0,601
284,logistic,sgd,0.001,"[4, 5, 6, 7, 8, 9]",0.3333333333333333,0.0,601
285,logistic,adam,0.001,"[4, 5, 6, 7, 8, 9]",0.3333333333333333,0.0,601
286,logistic,lbfgs,0.001,"[4, 5, 6, 7, 8, 9]",0.3333333333333333,0.0,601
287,logistic,sgd,0.001,"[4, 5, 6, 7, 8, 9]",0.3333333333333333,0.0,601
288,logistic,adam,0.0001,"[4, 5, 6, 7, 8, 9]",0.6798597317246622,0.002948407438179283,373
289,logistic,lbfgs,0.0001,"[4, 5, 6, 7, 8, 9]",0.3333333333333333,0.0,601
290,logistic,sgd,0.0001,"[4, 5, 6, 7, 8, 9]",0.3333333333333333,0.0,601
291,logistic,adam,0.0001,"[4, 5, 6, 7, 8, 9]",0.6798597317246622,0.002948407438179283,373
292,logistic,lbfgs,0.0001,"[4, 5, 6, 7, 8, 9]",0.3333333333333333,0.0,601
293,logistic,sgd,0.0001,"[4, 5, 6, 7, 8, 9]",0.3333333333333333,0.0,601
294,logistic,adam,0.0001,"[4, 5, 6, 7, 8, 9]",0.6798597317246622,0.002948407438179283,373
295,logistic,lbfgs,0.0001,"[4, 5, 6, 7, 8, 9]",0.3333333333333333,0.0,601
296,logistic,sgd,0.0001,"[4, 5, 6, 7, 8, 9]",0.3333333333333333,0.0,601
297,logistic,adam,0.0001,"[4, 5, 6, 7, 8, 9]",0.6798597317246622,0.002948407438179283,373
298,logistic,lbfgs,0.0001,"[4, 5, 6, 7, 8, 9]",0.3333333333333333,0.0,601
299,logistic,sgd,0.0001,"[4, 5, 6, 7, 8, 9]",0.3333333333333333,0.0,601
300,logistic,adam,0.0001,"[4, 5, 6, 7, 8, 9]",0.6798597317246622,0.002948407438179283,373
301,logistic,lbfgs,0.0001,"[4, 5, 6, 7, 8, 9]",0.3333333333333333,0.0,601
302,logistic,sgd,0.0001,"[4, 5, 6, 7, 8, 9]",0.3333333333333333,0.0,601
303,logistic,adam,0.0001,"[4, 5, 6, 7, 8, 9]",0.6798597317246622,0.002948407438179283,373
304,logistic,lbfgs,0.0001,"[4, 5, 6, 7, 8, 9]",0.3333333333333333,0.0,601
305,logistic,sgd,0.0001,"[4, 5, 6, 7, 8, 9]",0.3333333333333333,0.0,601
306,logistic,adam,1e-05,"[4, 5, 6, 7, 8, 9]",0.6798597317246622,0.002948407438179283,373
307,logistic,lbfgs,1e-05,"[4, 5, 6, 7, 8, 9]",0.3333333333333333,0.0,601
308,logistic,sgd,1e-05,"[4, 5, 6, 7, 8, 9]",0.3333333333333333,0.0,601
309,logistic,adam,1e-05,"[4, 5, 6, 7, 8, 9]",0.6798597317246622,0.002948407438179283,373
310,logistic,lbfgs,1e-05,"[4, 5, 6, 7, 8, 9]",0.3333333333333333,0.0,601
311,logistic,sgd,1e-05,"[4, 5, 6, 7, 8, 9]",0.3333333333333333,0.0,601
312,logistic,adam,1e-05,"[4, 5, 6, 7, 8, 9]",0.6798597317246622,0.002948407438179283,373
313,logistic,lbfgs,1e-05,"[4, 5, 6, 7, 8, 9]",0.3333333333333333,0.0,601
314,logistic,sgd,1e-05,"[4, 5, 6, 7, 8, 9]",0.3333333333333333,0.0,601
315,logistic,adam,1e-05,"[4, 5, 6, 7, 8, 9]",0.6798597317246622,0.002948407438179283,373
316,logistic,lbfgs,1e-05,"[4, 5, 6, 7, 8, 9]",0.3333333333333333,0.0,601
317,logistic,sgd,1e-05,"[4, 5, 6, 7, 8, 9]",0.3333333333333333,0.0,601
318,logistic,adam,1e-05,"[4, 5, 6, 7, 8, 9]",0.6798597317246622,0.002948407438179283,373
319,logistic,lbfgs,1e-05,"[4, 5, 6, 7, 8, 9]",0.3333333333333333,0.0,601
320,logistic,sgd,1e-05,"[4, 5, 6, 7, 8, 9]",0.3333333333333333,0.0,601
321,logistic,adam,1e-05,"[4, 5, 6, 7, 8, 9]",0.6798597317246622,0.002948407438179283,373
322,logistic,lbfgs,1e-05,"[4, 5, 6, 7, 8, 9]",0.3333333333333333,0.0,601
323,logistic,sgd,1e-05,"[4, 5, 6, 7, 8, 9]",0.3333333333333333,0.0,601
324,logistic,adam,1e-06,"[4, 5, 6, 7, 8, 9]",0.6798597317246622,0.002948407438179283,373
325,logistic,lbfgs,1e-06,"[4, 5, 6, 7, 8, 9]",0.3333333333333333,0.0,601
326,logistic,sgd,1e-06,"[4, 5, 6, 7, 8, 9]",0.3333333333333333,0.0,601
327,logistic,adam,1e-06,"[4, 5, 6, 7, 8, 9]",0.6798597317246622,0.002948407438179283,373
328,logistic,lbfgs,1e-06,"[4, 5, 6, 7, 8, 9]",0.3333333333333333,0.0,601
329,logistic,sgd,1e-06,"[4, 5, 6, 7, 8, 9]",0.3333333333333333,0.0,601
330,logistic,adam,1e-06,"[4, 5, 6, 7, 8, 9]",0.6798597317246622,0.002948407438179283,373
331,logistic,lbfgs,1e-06,"[4, 5, 6, 7, 8, 9]",0.3333333333333333,0.0,601
332,logistic,sgd,1e-06,"[4, 5, 6, 7, 8, 9]",0.3333333333333333,0.0,601
333,logistic,adam,1e-06,"[4, 5, 6, 7, 8, 9]",0.6798597317246622,0.002948407438179283,373
334,logistic,lbfgs,1e-06,"[4, 5, 6, 7, 8, 9]",0.3333333333333333,0.0,601
335,logistic,sgd,1e-06,"[4, 5, 6, 7, 8, 9]",0.3333333333333333,0.0,601
336,logistic,adam,1e-06,"[4, 5, 6, 7, 8, 9]",0.6798597317246622,0.002948407438179283,373
337,logistic,lbfgs,1e-06,"[4, 5, 6, 7, 8, 9]",0.3333333333333333,0.0,601
338,logistic,sgd,1e-06,"[4, 5, 6, 7, 8, 9]",0.3333333333333333,0.0,601
339,logistic,adam,1e-06,"[4, 5, 6, 7, 8, 9]",0.6798597317246622,0.002948407438179283,373
340,logistic,lbfgs,1e-06,"[4, 5, 6, 7, 8, 9]",0.3333333333333333,0.0,601
341,logistic,sgd,1e-06,"[4, 5, 6, 7, 8, 9]",0.3333333333333333,0.0,601
342,logistic,adam,1e-07,"[4, 5, 6, 7, 8, 9]",0.6798597317246622,0.002948407438179283,373
343,logistic,lbfgs,1e-07,"[4, 5, 6, 7, 8, 9]",0.3333333333333333,0.0,601
344,logistic,sgd,1e-07,"[4, 5, 6, 7, 8, 9]",0.3333333333333333,0.0,601
345,logistic,adam,1e-07,"[4, 5, 6, 7, 8, 9]",0.6798597317246622,0.002948407438179283,373
346,logistic,lbfgs,1e-07,"[4, 5, 6, 7, 8, 9]",0.3333333333333333,0.0,601
347,logistic,sgd,1e-07,"[4, 5, 6, 7, 8, 9]",0.3333333333333333,0.0,601
348,logistic,adam,1e-07,"[4, 5, 6, 7, 8, 9]",0.6798597317246622,0.002948407438179283,373
349,logistic,lbfgs,1e-07,"[4, 5, 6, 7, 8, 9]",0.3333333333333333,0.0,601
350,logistic,sgd,1e-07,"[4, 5, 6, 7, 8, 9]",0.3333333333333333,0.0,601
351,logistic,adam,1e-07,"[4, 5, 6, 7, 8, 9]",0.6798597317246622,0.002948407438179283,373
352,logistic,lbfgs,1e-07,"[4, 5, 6, 7, 8, 9]",0.3333333333333333,0.0,601
353,logistic,sgd,1e-07,"[4, 5, 6, 7, 8, 9]",0.3333333333333333,0.0,601
354,logistic,adam,1e-07,"[4, 5, 6, 7, 8, 9]",0.6798597317246622,0.002948407438179283,373
355,logistic,lbfgs,1e-07,"[4, 5, 6, 7, 8, 9]",0.3333333333333333,0.0,601
356,logistic,sgd,1e-07,"[4, 5, 6, 7, 8, 9]",0.3333333333333333,0.0,601
357,logistic,adam,1e-07,"[4, 5, 6, 7, 8, 9]",0.6798597317246622,0.002948407438179283,373
358,logistic,lbfgs,1e-07,"[4, 5, 6, 7, 8, 9]",0.3333333333333333,0.0,601
359,logistic,sgd,1e-07,"[4, 5, 6, 7, 8, 9]",0.3333333333333333,0.0,601
360,logistic,adam,1e-08,"[4, 5, 6, 7, 8, 9]",0.6798597317246622,0.002948407438179283,373
361,logistic,lbfgs,1e-08,"[4, 5, 6, 7, 8, 9]",0.3333333333333333,0.0,601
362,logistic,sgd,1e-08,"[4, 5, 6, 7, 8, 9]",0.3333333333333333,0.0,601
363,logistic,adam,1e-08,"[4, 5, 6, 7, 8, 9]",0.6798597317246622,0.002948407438179283,373
364,logistic,lbfgs,1e-08,"[4, 5, 6, 7, 8, 9]",0.3333333333333333,0.0,601
365,logistic,sgd,1e-08,"[4, 5, 6, 7, 8, 9]",0.3333333333333333,0.0,601
366,logistic,adam,1e-08,"[4, 5, 6, 7, 8, 9]",0.6798597317246622,0.002948407438179283,373
367,logistic,lbfgs,1e-08,"[4, 5, 6, 7, 8, 9]",0.3333333333333333,0.0,601
368,logistic,sgd,1e-08,"[4, 5, 6, 7, 8, 9]",0.3333333333333333,0.0,601
369,logistic,adam,1e-08,"[4, 5, 6, 7, 8, 9]",0.6798597317246622,0.002948407438179283,373
370,logistic,lbfgs,1e-08,"[4, 5, 6, 7, 8, 9]",0.3333333333333333,0.0,601
371,logistic,sgd,1e-08,"[4, 5, 6, 7, 8, 9]",0.3333333333333333,0.0,601
372,logistic,adam,1e-08,"[4, 5, 6, 7, 8, 9]",0.6798597317246622,0.002948407438179283,373
373,logistic,lbfgs,1e-08,"[4, 5, 6, 7, 8, 9]",0.3333333333333333,0.0,601
374,logistic,sgd,1e-08,"[4, 5, 6, 7, 8, 9]",0.3333333333333333,0.0,601
375,logistic,adam,1e-08,"[4, 5, 6, 7, 8, 9]",0.6798597317246622,0.002948407438179283,373
376,logistic,lbfgs,1e-08,"[4, 5, 6, 7, 8, 9]",0.3333333333333333,0.0,601
377,logistic,sgd,1e-08,"[4, 5, 6, 7, 8, 9]",0.3333333333333333,0.0,601
378,logistic,adam,1e-09,"[4, 5, 6, 7, 8, 9]",0.6798597317246622,0.002948407438179283,373
379,logistic,lbfgs,1e-09,"[4, 5, 6, 7, 8, 9]",0.3333333333333333,0.0,601
380,logistic,sgd,1e-09,"[4, 5, 6, 7, 8, 9]",0.3333333333333333,0.0,601
381,logistic,adam,1e-09,"[4, 5, 6, 7, 8, 9]",0.6798597317246622,0.002948407438179283,373
382,logistic,lbfgs,1e-09,"[4, 5, 6, 7, 8, 9]",0.3333333333333333,0.0,601
383,logistic,sgd,1e-09,"[4, 5, 6, 7, 8, 9]",0.3333333333333333,0.0,601
384,logistic,adam,1e-09,"[4, 5, 6, 7, 8, 9]",0.6798597317246622,0.002948407438179283,373
385,logistic,lbfgs,1e-09,"[4, 5, 6, 7, 8, 9]",0.3333333333333333,0.0,601
386,logistic,sgd,1e-09,"[4, 5, 6, 7, 8, 9]",0.3333333333333333,0.0,601
387,logistic,adam,1e-09,"[4, 5, 6, 7, 8, 9]",0.6798597317246622,0.002948407438179283,373
388,logistic,lbfgs,1e-09,"[4, 5, 6, 7, 8, 9]",0.3333333333333333,0.0,601
389,logistic,sgd,1e-09,"[4, 5, 6, 7, 8, 9]",0.3333333333333333,0.0,601
390,logistic,adam,1e-09,"[4, 5, 6, 7, 8, 9]",0.6798597317246622,0.002948407438179283,373
391,logistic,lbfgs,1e-09,"[4, 5, 6, 7, 8, 9]",0.3333333333333333,0.0,601
392,logistic,sgd,1e-09,"[4, 5, 6, 7, 8, 9]",0.3333333333333333,0.0,601
393,logistic,adam,1e-09,"[4, 5, 6, 7, 8, 9]",0.6798597317246622,0.002948407438179283,373
394,logistic,lbfgs,1e-09,"[4, 5, 6, 7, 8, 9]",0.3333333333333333,0.0,601
395,logistic,sgd,1e-09,"[4, 5, 6, 7, 8, 9]",0.3333333333333333,0.0,601
396,tanh,adam,10.0,"[4, 5, 6, 7, 8, 9]",0.3333333333333333,0.0,601
397,tanh,lbfgs,10.0,"[4, 5, 6, 7, 8, 9]",0.8755732117021016,0.010747930513917602,61
398,tanh,sgd,10.0,"[4, 5, 6, 7, 8, 9]",0.3333333333333333,0.0,601
399,tanh,adam,10.0,"[4, 5, 6, 7, 8, 9]",0.3333333333333333,0.0,601
400,tanh,lbfgs,10.0,"[4, 5, 6, 7, 8, 9]",0.8755732117021016,0.010747930513917602,61
401,tanh,sgd,10.0,"[4, 5, 6, 7, 8, 9]",0.3333333333333333,0.0,601
402,tanh,adam,10.0,"[4, 5, 6, 7, 8, 9]",0.3333333333333333,0.0,601
403,tanh,lbfgs,10.0,"[4, 5, 6, 7, 8, 9]",0.8755732117021016,0.010747930513917602,61
404,tanh,sgd,10.0,"[4, 5, 6, 7, 8, 9]",0.3333333333333333,0.0,601
405,tanh,adam,10.0,"[4, 5, 6, 7, 8, 9]",0.3333333333333333,0.0,601
406,tanh,lbfgs,10.0,"[4, 5, 6, 7, 8, 9]",0.8755732117021016,0.010747930513917602,61
407,tanh,sgd,10.0,"[4, 5, 6, 7, 8, 9]",0.3333333333333333,0.0,601
408,tanh,adam,10.0,"[4, 5, 6, 7, 8, 9]",0.3333333333333333,0.0,601
409,tanh,lbfgs,10.0,"[4, 5, 6, 7, 8, 9]",0.8755732117021016,0.010747930513917602,61
410,tanh,sgd,10.0,"[4, 5, 6, 7, 8, 9]",0.3333333333333333,0.0,601
411,tanh,adam,10.0,"[4, 5, 6, 7, 8, 9]",0.3333333333333333,0.0,601
412,tanh,lbfgs,10.0,"[4, 5, 6, 7, 8, 9]",0.8755732117021016,0.010747930513917602,61
413,tanh,sgd,10.0,"[4, 5, 6, 7, 8, 9]",0.3333333333333333,0.0,601
414,tanh,adam,1.0,"[4, 5, 6, 7, 8, 9]",0.8150028200789622,0.04378369072441717,157
415,tanh,lbfgs,1.0,"[4, 5, 6, 7, 8, 9]",0.8769955123960862,0.00583582213073749,55
416,tanh,sgd,1.0,"[4, 5, 6, 7, 8, 9]",0.7901861252115059,0.001122152204678648,301
417,tanh,adam,1.0,"[4, 5, 6, 7, 8, 9]",0.8150028200789622,0.04378369072441717,157
418,tanh,lbfgs,1.0,"[4, 5, 6, 7, 8, 9]",0.8769955123960862,0.00583582213073749,55
419,tanh,sgd,1.0,"[4, 5, 6, 7, 8, 9]",0.7901861252115059,0.001122152204678648,301
420,tanh,adam,1.0,"[4, 5, 6, 7, 8, 9]",0.8150028200789622,0.04378369072441717,157
421,tanh,lbfgs,1.0,"[4, 5, 6, 7, 8, 9]",0.8769955123960862,0.00583582213073749,55
422,tanh,sgd,1.0,"[4, 5, 6, 7, 8, 9]",0.7901861252115059,0.001122152204678648,301
423,tanh,adam,1.0,"[4, 5, 6, 7, 8, 9]",0.8150028200789622,0.04378369072441717,157
424,tanh,lbfgs,1.0,"[4, 5, 6, 7, 8, 9]",0.8769955123960862,0.00583582213073749,55
425,tanh,sgd,1.0,"[4, 5, 6, 7, 8, 9]",0.7901861252115059,0.001122152204678648,301
426,tanh,adam,1.0,"[4, 5, 6, 7, 8, 9]",0.8150028200789622,0.04378369072441717,157
427,tanh,lbfgs,1.0,"[4, 5, 6, 7, 8, 9]",0.8769955123960862,0.00583582213073749,55
428,tanh,sgd,1.0,"[4, 5, 6, 7, 8, 9]",0.7901861252115059,0.001122152204678648,301
429,tanh,adam,1.0,"[4, 5, 6, 7, 8, 9]",0.8150028200789622,0.04378369072441717,157
430,tanh,lbfgs,1.0,"[4, 5, 6, 7, 8, 9]",0.8769955123960862,0.00583582213073749,55
431,tanh,sgd,1.0,"[4, 5, 6, 7, 8, 9]",0.7901861252115059,0.001122152204678648,301
432,tanh,adam,0.1,"[4, 5, 6, 7, 8, 9]",0.8869270948282204,0.002741471204425803,49
433,tanh,lbfgs,0.1,"[4, 5, 6, 7, 8, 9]",0.8033546678437431,0.04287691271326556,229
434,tanh,sgd,0.1,"[4, 5, 6, 7, 8, 9]",0.8539934770347483,0.002021278700801373,115
435,tanh,adam,0.1,"[4, 5, 6, 7, 8, 9]",0.8869270948282204,0.002741471204425803,49
436,tanh,lbfgs,0.1,"[4, 5, 6, 7, 8, 9]",0.8033546678437431,0.04287691271326556,229
437,tanh,sgd,0.1,"[4, 5, 6, 7, 8, 9]",0.8539934770347483,0.002021278700801373,115
438,tanh,adam,0.1,"[4, 5, 6, 7, 8, 9]",0.8869270948282204,0.002741471204425803,49
439,tanh,lbfgs,0.1,"[4, 5, 6, 7, 8, 9]",0.8033546678437431,0.04287691271326556,229
440,tanh,sgd,0.1,"[4, 5, 6, 7, 8, 9]",0.8539934770347483,0.002021278700801373,115
441,tanh,adam,0.1,"[4, 5, 6, 7, 8, 9]",0.8869270948282204,0.002741471204425803,49
442,tanh,lbfgs,0.1,"[4, 5, 6, 7, 8, 9]",0.8033546678437431,0.04287691271326556,229
443,tanh,sgd,0.1,"[4, 5, 6, 7, 8, 9]",0.8539934770347483,0.002021278700801373,115
444,tanh,adam,0.1,"[4, 5, 6, 7, 8, 9]",0.8869270948282204,0.002741471204425803,49
445,tanh,lbfgs,0.1,"[4, 5, 6, 7, 8, 9]",0.8033546678437431,0.04287691271326556,229
446,tanh,sgd,0.1,"[4, 5, 6, 7, 8, 9]",0.8539934770347483,0.002021278700801373,115
447,tanh,adam,0.1,"[4, 5, 6, 7, 8, 9]",0.8869270948282204,0.002741471204425803,49
448,tanh,lbfgs,0.1,"[4, 5, 6, 7, 8, 9]",0.8033546678437431,0.04287691271326556,229
449,tanh,sgd,0.1,"[4, 5, 6, 7, 8, 9]",0.8539934770347483,0.002021278700801373,115
450,tanh,adam,0.01,"[4, 5, 6, 7, 8, 9]",0.8971039015179382,0.0033499823657763736,1
451,tanh,lbfgs,0.01,"[4, 5, 6, 7, 8, 9]",0.8056597758650286,0.031892034588716506,205
452,tanh,sgd,0.01,"[4, 5, 6, 7, 8, 9]",0.8549253292135658,0.004271127993737445,67
453,tanh,adam,0.01,"[4, 5, 6, 7, 8, 9]",0.8971039015179382,0.0033499823657763736,1
454,tanh,lbfgs,0.01,"[4, 5, 6, 7, 8, 9]",0.8056597758650286,0.031892034588716506,205
455,tanh,sgd,0.01,"[4, 5, 6, 7, 8, 9]",0.8549253292135658,0.004271127993737445,67
456,tanh,adam,0.01,"[4, 5, 6, 7, 8, 9]",0.8971039015179382,0.0033499823657763736,1
457,tanh,lbfgs,0.01,"[4, 5, 6, 7, 8, 9]",0.8056597758650286,0.031892034588716506,205
458,tanh,sgd,0.01,"[4, 5, 6, 7, 8, 9]",0.8549253292135658,0.004271127993737445,67
459,tanh,adam,0.01,"[4, 5, 6, 7, 8, 9]",0.8971039015179382,0.0033499823657763736,1
460,tanh,lbfgs,0.01,"[4, 5, 6, 7, 8, 9]",0.8056597758650286,0.031892034588716506,205
461,tanh,sgd,0.01,"[4, 5, 6, 7, 8, 9]",0.8549253292135658,0.004271127993737445,67
462,tanh,adam,0.01,"[4, 5, 6, 7, 8, 9]",0.8971039015179382,0.0033499823657763736,1
463,tanh,lbfgs,0.01,"[4, 5, 6, 7, 8, 9]",0.8056597758650286,0.031892034588716506,205
464,tanh,sgd,0.01,"[4, 5, 6, 7, 8, 9]",0.8549253292135658,0.004271127993737445,67
465,tanh,adam,0.01,"[4, 5, 6, 7, 8, 9]",0.8971039015179382,0.0033499823657763736,1
466,tanh,lbfgs,0.01,"[4, 5, 6, 7, 8, 9]",0.8056597758650286,0.031892034588716506,205
467,tanh,sgd,0.01,"[4, 5, 6, 7, 8, 9]",0.8549253292135658,0.004271127993737445,67
468,tanh,adam,0.001,"[4, 5, 6, 7, 8, 9]",0.8892076804237475,0.0043799825849646,43
469,tanh,lbfgs,0.001,"[4, 5, 6, 7, 8, 9]",0.8352338213296059,0.021661062748635437,133
470,tanh,sgd,0.001,"[4, 5, 6, 7, 8, 9]",0.854312268569607,0.0031899896482251683,73
471,tanh,adam,0.001,"[4, 5, 6, 7, 8, 9]",0.8892076804237475,0.0043799825849646,43
472,tanh,lbfgs,0.001,"[4, 5, 6, 7, 8, 9]",0.8352338213296059,0.021661062748635437,133
473,tanh,sgd,0.001,"[4, 5, 6, 7, 8, 9]",0.854312268569607,0.0031899896482251683,73
474,tanh,adam,0.001,"[4, 5, 6, 7, 8, 9]",0.8892076804237475,0.0043799825849646,43
475,tanh,lbfgs,0.001,"[4, 5, 6, 7, 8, 9]",0.8352338213296059,0.021661062748635437,133
476,tanh,sgd,0.001,"[4, 5, 6, 7, 8, 9]",0.854312268569607,0.0031899896482251683,73
477,tanh,adam,0.001,"[4, 5, 6, 7, 8, 9]",0.8892076804237475,0.0043799825849646,43
478,tanh,lbfgs,0.001,"[4, 5, 6, 7, 8, 9]",0.8352338213296059,0.021661062748635437,133
479,tanh,sgd,0.001,"[4, 5, 6, 7, 8, 9]",0.854312268569607,0.0031899896482251683,73
480,tanh,adam,0.001,"[4, 5, 6, 7, 8, 9]",0.8892076804237475,0.0043799825849646,43
481,tanh,lbfgs,0.001,"[4, 5, 6, 7, 8, 9]",0.8352338213296059,0.021661062748635437,133
482,tanh,sgd,0.001,"[4, 5, 6, 7, 8, 9]",0.854312268569607,0.0031899896482251683,73
483,tanh,adam,0.001,"[4, 5, 6, 7, 8, 9]",0.8892076804237475,0.0043799825849646,43
484,tanh,lbfgs,0.001,"[4, 5, 6, 7, 8, 9]",0.8352338213296059,0.021661062748635437,133
485,tanh,sgd,0.001,"[4, 5, 6, 7, 8, 9]",0.854312268569607,0.0031899896482251683,73
486,tanh,adam,0.0001,"[4, 5, 6, 7, 8, 9]",0.8896736065131563,0.004149582836807949,37
487,tanh,lbfgs,0.0001,"[4, 5, 6, 7, 8, 9]",0.8002157973466736,0.03416703517620873,259
488,tanh,sgd,0.0001,"[4, 5, 6, 7, 8, 9]",0.8542387012923318,0.0031899896482251167,79
489,tanh,adam,0.0001,"[4, 5, 6, 7, 8, 9]",0.8896736065131563,0.004149582836807949,37
490,tanh,lbfgs,0.0001,"[4, 5, 6, 7, 8, 9]",0.8002157973466736,0.03416703517620873,259
491,tanh,sgd,0.0001,"[4, 5, 6, 7, 8, 9]",0.8542387012923318,0.0031899896482251167,79
492,tanh,adam,0.0001,"[4, 5, 6, 7, 8, 9]",0.8896736065131563,0.004149582836807949,37
493,tanh,lbfgs,0.0001,"[4, 5, 6, 7, 8, 9]",0.8002157973466736,0.03416703517620873,259
494,tanh,sgd,0.0001,"[4, 5, 6, 7, 8, 9]",0.8542387012923318,0.0031899896482251167,79
495,tanh,adam,0.0001,"[4, 5, 6, 7, 8, 9]",0.8896736065131563,0.004149582836807949,37
496,tanh,lbfgs,0.0001,"[4, 5, 6, 7, 8, 9]",0.8002157973466736,0.03416703517620873,259
497,tanh,sgd,0.0001,"[4, 5, 6, 7, 8, 9]",0.8542387012923318,0.0031899896482251167,79
498,tanh,adam,0.0001,"[4, 5, 6, 7, 8, 9]",0.8896736065131563,0.004149582836807949,37
499,tanh,lbfgs,0.0001,"[4, 5, 6, 7, 8, 9]",0.8002157973466736,0.03416703517620873,259
500,tanh,sgd,0.0001,"[4, 5, 6, 7, 8, 9]",0.8542387012923318,0.0031899896482251167,79
501,tanh,adam,0.0001,"[4, 5, 6, 7, 8, 9]",0.8896736065131563,0.004149582836807949,37
502,tanh,lbfgs,0.0001,"[4, 5, 6, 7, 8, 9]",0.8002157973466736,0.03416703517620873,259
503,tanh,sgd,0.0001,"[4, 5, 6, 7, 8, 9]",0.8542387012923318,0.0031899896482251167,79
504,tanh,adam,1e-05,"[4, 5, 6, 7, 8, 9]",0.8914882660192747,0.003934760571266981,25
505,tanh,lbfgs,1e-05,"[4, 5, 6, 7, 8, 9]",0.8045562667059025,0.03144358339942684,211
506,tanh,sgd,1e-05,"[4, 5, 6, 7, 8, 9]",0.8542387012923318,0.0031899896482251167,79
507,tanh,adam,1e-05,"[4, 5, 6, 7, 8, 9]",0.8914882660192747,0.003934760571266981,25
508,tanh,lbfgs,1e-05,"[4, 5, 6, 7, 8, 9]",0.8045562667059025,0.03144358339942684,211
509,tanh,sgd,1e-05,"[4, 5, 6, 7, 8, 9]",0.8542387012923318,0.0031899896482251167,79
510,tanh,adam,1e-05,"[4, 5, 6, 7, 8, 9]",0.8914882660192747,0.003934760571266981,25
511,tanh,lbfgs,1e-05,"[4, 5, 6, 7, 8, 9]",0.8045562667059025,0.03144358339942684,211
512,tanh,sgd,1e-05,"[4, 5, 6, 7, 8, 9]",0.8542387012923318,0.0031899896482251167,79
513,tanh,adam,1e-05,"[4, 5, 6, 7, 8, 9]",0.8914882660192747,0.003934760571266981,25
514,tanh,lbfgs,1e-05,"[4, 5, 6, 7, 8, 9]",0.8045562667059025,0.03144358339942684,211
515,tanh,sgd,1e-05,"[4, 5, 6, 7, 8, 9]",0.8542387012923318,0.0031899896482251167,79
516,tanh,adam,1e-05,"[4, 5, 6, 7, 8, 9]",0.8914882660192747,0.003934760571266981,25
517,tanh,lbfgs,1e-05,"[4, 5, 6, 7, 8, 9]",0.8045562667059025,0.03144358339942684,211
518,tanh,sgd,1e-05,"[4, 5, 6, 7, 8, 9]",0.8542387012923318,0.0031899896482251167,79
519,tanh,adam,1e-05,"[4, 5, 6, 7, 8, 9]",0.8914882660192747,0.003934760571266981,25
520,tanh,lbfgs,1e-05,"[4, 5, 6, 7, 8, 9]",0.8045562667059025,0.03144358339942684,211
521,tanh,sgd,1e-05,"[4, 5, 6, 7, 8, 9]",0.8542387012923318,0.0031899896482251167,79
522,tanh,adam,1e-06,"[4, 5, 6, 7, 8, 9]",0.8911939969101743,0.004402987716455535,31
523,tanh,lbfgs,1e-06,"[4, 5, 6, 7, 8, 9]",0.7775080310944359,0.010453516342481695,349
524,tanh,sgd,1e-06,"[4, 5, 6, 7, 8, 9]",0.8542387012923318,0.0031899896482251167,79
525,tanh,adam,1e-06,"[4, 5, 6, 7, 8, 9]",0.8911939969101743,0.004402987716455535,31
526,tanh,lbfgs,1e-06,"[4, 5, 6, 7, 8, 9]",0.7775080310944359,0.010453516342481695,349
527,tanh,sgd,1e-06,"[4, 5, 6, 7, 8, 9]",0.8542387012923318,0.0031899896482251167,79
528,tanh,adam,1e-06,"[4, 5, 6, 7, 8, 9]",0.8911939969101743,0.004402987716455535,31
529,tanh,lbfgs,1e-06,"[4, 5, 6, 7, 8, 9]",0.7775080310944359,0.010453516342481695,349
530,tanh,sgd,1e-06,"[4, 5, 6, 7, 8, 9]",0.8542387012923318,0.0031899896482251167,79
531,tanh,adam,1e-06,"[4, 5, 6, 7, 8, 9]",0.8911939969101743,0.004402987716455535,31
532,tanh,lbfgs,1e-06,"[4, 5, 6, 7, 8, 9]",0.7775080310944359,0.010453516342481695,349
533,tanh,sgd,1e-06,"[4, 5, 6, 7, 8, 9]",0.8542387012923318,0.0031899896482251167,79
534,tanh,adam,1e-06,"[4, 5, 6, 7, 8, 9]",0.8911939969101743,0.004402987716455535,31
535,tanh,lbfgs,1e-06,"[4, 5, 6, 7, 8, 9]",0.7775080310944359,0.010453516342481695,349
536,tanh,sgd,1e-06,"[4, 5, 6, 7, 8, 9]",0.8542387012923318,0.0031899896482251167,79
537,tanh,adam,1e-06,"[4, 5, 6, 7, 8, 9]",0.8911939969101743,0.004402987716455535,31
538,tanh,lbfgs,1e-06,"[4, 5, 6, 7, 8, 9]",0.7775080310944359,0.010453516342481695,349
539,tanh,sgd,1e-06,"[4, 5, 6, 7, 8, 9]",0.8542387012923318,0.0031899896482251167,79
540,tanh,adam,1e-07,"[4, 5, 6, 7, 8, 9]",0.891512788445033,0.003955946900135039,13
541,tanh,lbfgs,1e-07,"[4, 5, 6, 7, 8, 9]",0.7907501410039481,0.02144586729639745,295
542,tanh,sgd,1e-07,"[4, 5, 6, 7, 8, 9]",0.8542387012923318,0.0031899896482251167,79
543,tanh,adam,1e-07,"[4, 5, 6, 7, 8, 9]",0.891512788445033,0.003955946900135039,13
544,tanh,lbfgs,1e-07,"[4, 5, 6, 7, 8, 9]",0.7907501410039481,0.02144586729639745,295
545,tanh,sgd,1e-07,"[4, 5, 6, 7, 8, 9]",0.8542387012923318,0.0031899896482251167,79
546,tanh,adam,1e-07,"[4, 5, 6, 7, 8, 9]",0.891512788445033,0.003955946900135039,13
547,tanh,lbfgs,1e-07,"[4, 5, 6, 7, 8, 9]",0.7907501410039481,0.02144586729639745,295
548,tanh,sgd,1e-07,"[4, 5, 6, 7, 8, 9]",0.8542387012923318,0.0031899896482251167,79
549,tanh,adam,1e-07,"[4, 5, 6, 7, 8, 9]",0.891512788445033,0.003955946900135039,13
550,tanh,lbfgs,1e-07,"[4, 5, 6, 7, 8, 9]",0.7907501410039481,0.02144586729639745,295
551,tanh,sgd,1e-07,"[4, 5, 6, 7, 8, 9]",0.8542387012923318,0.0031899896482251167,79
552,tanh,adam,1e-07,"[4, 5, 6, 7, 8, 9]",0.891512788445033,0.003955946900135039,13
553,tanh,lbfgs,1e-07,"[4, 5, 6, 7, 8, 9]",0.7907501410039481,0.02144586729639745,295
554,tanh,sgd,1e-07,"[4, 5, 6, 7, 8, 9]",0.8542387012923318,0.0031899896482251167,79
555,tanh,adam,1e-07,"[4, 5, 6, 7, 8, 9]",0.891512788445033,0.003955946900135039,13
556,tanh,lbfgs,1e-07,"[4, 5, 6, 7, 8, 9]",0.7907501410039481,0.02144586729639745,295
557,tanh,sgd,1e-07,"[4, 5, 6, 7, 8, 9]",0.8542387012923318,0.0031899896482251167,79
558,tanh,adam,1e-08,"[4, 5, 6, 7, 8, 9]",0.891512788445033,0.003955946900135039,13
559,tanh,lbfgs,1e-08,"[4, 5, 6, 7, 8, 9]",0.7783908384217367,0.010833196176065844,343
560,tanh,sgd,1e-08,"[4, 5, 6, 7, 8, 9]",0.8542387012923318,0.0031899896482251167,79
561,tanh,adam,1e-08,"[4, 5, 6, 7, 8, 9]",0.891512788445033,0.003955946900135039,13
562,tanh,lbfgs,1e-08,"[4, 5, 6, 7, 8, 9]",0.7783908384217367,0.010833196176065844,343
563,tanh,sgd,1e-08,"[4, 5, 6, 7, 8, 9]",0.8542387012923318,0.0031899896482251167,79
564,tanh,adam,1e-08,"[4, 5, 6, 7, 8, 9]",0.891512788445033,0.003955946900135039,13
565,tanh,lbfgs,1e-08,"[4, 5, 6, 7, 8, 9]",0.7783908384217367,0.010833196176065844,343
566,tanh,sgd,1e-08,"[4, 5, 6, 7, 8, 9]",0.8542387012923318,0.0031899896482251167,79
567,tanh,adam,1e-08,"[4, 5, 6, 7, 8, 9]",0.891512788445033,0.003955946900135039,13
568,tanh,lbfgs,1e-08,"[4, 5, 6, 7, 8, 9]",0.7783908384217367,0.010833196176065844,343
569,tanh,sgd,1e-08,"[4, 5, 6, 7, 8, 9]",0.8542387012923318,0.0031899896482251167,79
570,tanh,adam,1e-08,"[4, 5, 6, 7, 8, 9]",0.891512788445033,0.003955946900135039,13
571,tanh,lbfgs,1e-08,"[4, 5, 6, 7, 8, 9]",0.7783908384217367,0.010833196176065844,343
572,tanh,sgd,1e-08,"[4, 5, 6, 7, 8, 9]",0.8542387012923318,0.0031899896482251167,79
573,tanh,adam,1e-08,"[4, 5, 6, 7, 8, 9]",0.891512788445033,0.003955946900135039,13
574,tanh,lbfgs,1e-08,"[4, 5, 6, 7, 8, 9]",0.7783908384217367,0.010833196176065844,343
575,tanh,sgd,1e-08,"[4, 5, 6, 7, 8, 9]",0.8542387012923318,0.0031899896482251167,79
576,tanh,adam,1e-09,"[4, 5, 6, 7, 8, 9]",0.8915373108707914,0.0039773227675961665,7
577,tanh,lbfgs,1e-09,"[4, 5, 6, 7, 8, 9]",0.7797640942642046,0.011744577981487161,337
578,tanh,sgd,1e-09,"[4, 5, 6, 7, 8, 9]",0.8542387012923318,0.0031899896482251167,79
579,tanh,adam,1e-09,"[4, 5, 6, 7, 8, 9]",0.8915373108707914,0.0039773227675961665,7
580,tanh,lbfgs,1e-09,"[4, 5, 6, 7, 8, 9]",0.7797640942642046,0.011744577981487161,337
581,tanh,sgd,1e-09,"[4, 5, 6, 7, 8, 9]",0.8542387012923318,0.0031899896482251167,79
582,tanh,adam,1e-09,"[4, 5, 6, 7, 8, 9]",0.8915373108707914,0.0039773227675961665,7
583,tanh,lbfgs,1e-09,"[4, 5, 6, 7, 8, 9]",0.7797640942642046,0.011744577981487161,337
584,tanh,sgd,1e-09,"[4, 5, 6, 7, 8, 9]",0.8542387012923318,0.0031899896482251167,79
585,tanh,adam,1e-09,"[4, 5, 6, 7, 8, 9]",0.8915373108707914,0.0039773227675961665,7
586,tanh,lbfgs,1e-09,"[4, 5, 6, 7, 8, 9]",0.7797640942642046,0.011744577981487161,337
587,tanh,sgd,1e-09,"[4, 5, 6, 7, 8, 9]",0.8542387012923318,0.0031899896482251167,79
588,tanh,adam,1e-09,"[4, 5, 6, 7, 8, 9]",0.8915373108707914,0.0039773227675961665,7
589,tanh,lbfgs,1e-09,"[4, 5, 6, 7, 8, 9]",0.7797640942642046,0.011744577981487161,337
590,tanh,sgd,1e-09,"[4, 5, 6, 7, 8, 9]",0.8542387012923318,0.0031899896482251167,79
591,tanh,adam,1e-09,"[4, 5, 6, 7, 8, 9]",0.8915373108707914,0.0039773227675961665,7
592,tanh,lbfgs,1e-09,"[4, 5, 6, 7, 8, 9]",0.7797640942642046,0.011744577981487161,337
593,tanh,sgd,1e-09,"[4, 5, 6, 7, 8, 9]",0.8542387012923318,0.0031899896482251167,79
594,relu,adam,10.0,"[4, 5, 6, 7, 8, 9]",0.3333333333333333,0.0,601
595,relu,lbfgs,10.0,"[4, 5, 6, 7, 8, 9]",0.8459991662375242,0.01443123400167795,121
596,relu,sgd,10.0,"[4, 5, 6, 7, 8, 9]",0.3333333333333333,0.0,601
597,relu,adam,10.0,"[4, 5, 6, 7, 8, 9]",0.3333333333333333,0.0,601
598,relu,lbfgs,10.0,"[4, 5, 6, 7, 8, 9]",0.8459991662375242,0.01443123400167795,121
599,relu,sgd,10.0,"[4, 5, 6, 7, 8, 9]",0.3333333333333333,0.0,601
600,relu,adam,10.0,"[4, 5, 6, 7, 8, 9]",0.3333333333333333,0.0,601
601,relu,lbfgs,10.0,"[4, 5, 6, 7, 8, 9]",0.8459991662375242,0.01443123400167795,121
602,relu,sgd,10.0,"[4, 5, 6, 7, 8, 9]",0.3333333333333333,0.0,601
603,relu,adam,10.0,"[4, 5, 6, 7, 8, 9]",0.3333333333333333,0.0,601
604,relu,lbfgs,10.0,"[4, 5, 6, 7, 8, 9]",0.8459991662375242,0.01443123400167795,121
605,relu,sgd,10.0,"[4, 5, 6, 7, 8, 9]",0.3333333333333333,0.0,601
606,relu,adam,10.0,"[4, 5, 6, 7, 8, 9]",0.3333333333333333,0.0,601
607,relu,lbfgs,10.0,"[4, 5, 6, 7, 8, 9]",0.8459991662375242,0.01443123400167795,121
608,relu,sgd,10.0,"[4, 5, 6, 7, 8, 9]",0.3333333333333333,0.0,601
609,relu,adam,10.0,"[4, 5, 6, 7, 8, 9]",0.3333333333333333,0.0,601
610,relu,lbfgs,10.0,"[4, 5, 6, 7, 8, 9]",0.8459991662375242,0.01443123400167795,121
611,relu,sgd,10.0,"[4, 5, 6, 7, 8, 9]",0.3333333333333333,0.0,601
612,relu,adam,1.0,"[4, 5, 6, 7, 8, 9]",0.7816277986218396,0.012562041939271273,331
613,relu,lbfgs,1.0,"[4, 5, 6, 7, 8, 9]",0.7053140096618358,0.1507264231508613,367
614,relu,sgd,1.0,"[4, 5, 6, 7, 8, 9]",0.8003629319012237,0.005064341064779271,253
615,relu,adam,1.0,"[4, 5, 6, 7, 8, 9]",0.7816277986218396,0.012562041939271273,331
616,relu,lbfgs,1.0,"[4, 5, 6, 7, 8, 9]",0.7053140096618358,0.1507264231508613,367
617,relu,sgd,1.0,"[4, 5, 6, 7, 8, 9]",0.8003629319012237,0.005064341064779271,253
618,relu,adam,1.0,"[4, 5, 6, 7, 8, 9]",0.7816277986218396,0.012562041939271273,331
619,relu,lbfgs,1.0,"[4, 5, 6, 7, 8, 9]",0.7053140096618358,0.1507264231508613,367
620,relu,sgd,1.0,"[4, 5, 6, 7, 8, 9]",0.8003629319012237,0.005064341064779271,253
621,relu,adam,1.0,"[4, 5, 6, 7, 8, 9]",0.7816277986218396,0.012562041939271273,331
622,relu,lbfgs,1.0,"[4, 5, 6, 7, 8, 9]",0.7053140096618358,0.1507264231508613,367
623,relu,sgd,1.0,"[4, 5, 6, 7, 8, 9]",0.8003629319012237,0.005064341064779271,253
624,relu,adam,1.0,"[4, 5, 6, 7, 8, 9]",0.7816277986218396,0.012562041939271273,331
625,relu,lbfgs,1.0,"[4, 5, 6, 7, 8, 9]",0.7053140096618358,0.1507264231508613,367
626,relu,sgd,1.0,"[4, 5, 6, 7, 8, 9]",0.8003629319012237,0.005064341064779271,253
627,relu,adam,1.0,"[4, 5, 6, 7, 8, 9]",0.7816277986218396,0.012562041939271273,331
628,relu,lbfgs,1.0,"[4, 5, 6, 7, 8, 9]",0.7053140096618358,0.1507264231508613,367
629,relu,sgd,1.0,"[4, 5, 6, 7, 8, 9]",0.8003629319012237,0.005064341064779271,253
630,relu,adam,0.1,"[4, 5, 6, 7, 8, 9]",0.8444297309889894,0.0016132699873364932,127
631,relu,lbfgs,0.1,"[4, 5, 6, 7, 8, 9]",0.8126241447804017,0.020588412968211286,169
632,relu,sgd,0.1,"[4, 5, 6, 7, 8, 9]",0.8096814536893989,0.017479106184873375,181
633,relu,adam,0.1,"[4, 5, 6, 7, 8, 9]",0.8444297309889894,0.0016132699873364932,127
634,relu,lbfgs,0.1,"[4, 5, 6, 7, 8, 9]",0.8126241447804017,0.020588412968211286,169
635,relu,sgd,0.1,"[4, 5, 6, 7, 8, 9]",0.8096814536893989,0.017479106184873375,181
636,relu,adam,0.1,"[4, 5, 6, 7, 8, 9]",0.8444297309889894,0.0016132699873364932,127
637,relu,lbfgs,0.1,"[4, 5, 6, 7, 8, 9]",0.8126241447804017,0.020588412968211286,169
638,relu,sgd,0.1,"[4, 5, 6, 7, 8, 9]",0.8096814536893989,0.017479106184873375,181
639,relu,adam,0.1,"[4, 5, 6, 7, 8, 9]",0.8444297309889894,0.0016132699873364932,127
640,relu,lbfgs,0.1,"[4, 5, 6, 7, 8, 9]",0.8126241447804017,0.020588412968211286,169
641,relu,sgd,0.1,"[4, 5, 6, 7, 8, 9]",0.8096814536893989,0.017479106184873375,181
642,relu,adam,0.1,"[4, 5, 6, 7, 8, 9]",0.8444297309889894,0.0016132699873364932,127
643,relu,lbfgs,0.1,"[4, 5, 6, 7, 8, 9]",0.8126241447804017,0.020588412968211286,169
644,relu,sgd,0.1,"[4, 5, 6, 7, 8, 9]",0.8096814536893989,0.017479106184873375,181
645,relu,adam,0.1,"[4, 5, 6, 7, 8, 9]",0.8444297309889894,0.0016132699873364932,127
646,relu,lbfgs,0.1,"[4, 5, 6, 7, 8, 9]",0.8126241447804017,0.020588412968211286,169
647,relu,sgd,0.1,"[4, 5, 6, 7, 8, 9]",0.8096814536893989,0.017479106184873375,181
648,relu,adam,0.01,"[4, 5, 6, 7, 8, 9]",0.816572255327497,0.020115176501526336,145
649,relu,lbfgs,0.01,"[4, 5, 6, 7, 8, 9]",0.7993329900193727,0.018053169347385826,265
650,relu,sgd,0.01,"[4, 5, 6, 7, 8, 9]",0.8155423134456461,0.024024143803986264,151
651,relu,adam,0.01,"[4, 5, 6, 7, 8, 9]",0.816572255327497,0.020115176501526336,145
652,relu,lbfgs,0.01,"[4, 5, 6, 7, 8, 9]",0.7993329900193727,0.018053169347385826,265
653,relu,sgd,0.01,"[4, 5, 6, 7, 8, 9]",0.8155423134456461,0.024024143803986264,151
654,relu,adam,0.01,"[4, 5, 6, 7, 8, 9]",0.816572255327497,0.020115176501526336,145
655,relu,lbfgs,0.01,"[4, 5, 6, 7, 8, 9]",0.7993329900193727,0.018053169347385826,265
656,relu,sgd,0.01,"[4, 5, 6, 7, 8, 9]",0.8155423134456461,0.024024143803986264,151
657,relu,adam,0.01,"[4, 5, 6, 7, 8, 9]",0.816572255327497,0.020115176501526336,145
658,relu,lbfgs,0.01,"[4, 5, 6, 7, 8, 9]",0.7993329900193727,0.018053169347385826,265
659,relu,sgd,0.01,"[4, 5, 6, 7, 8, 9]",0.8155423134456461,0.024024143803986264,151
660,relu,adam,0.01,"[4, 5, 6, 7, 8, 9]",0.816572255327497,0.020115176501526336,145
661,relu,lbfgs,0.01,"[4, 5, 6, 7, 8, 9]",0.7993329900193727,0.018053169347385826,265
662,relu,sgd,0.01,"[4, 5, 6, 7, 8, 9]",0.8155423134456461,0.024024143803986264,151
663,relu,adam,0.01,"[4, 5, 6, 7, 8, 9]",0.816572255327497,0.020115176501526336,145
664,relu,lbfgs,0.01,"[4, 5, 6, 7, 8, 9]",0.7993329900193727,0.018053169347385826,265
665,relu,sgd,0.01,"[4, 5, 6, 7, 8, 9]",0.8155423134456461,0.024024143803986264,151
666,relu,adam,0.001,"[4, 5, 6, 7, 8, 9]",0.7830500993158244,0.00968874804021629,325
667,relu,lbfgs,0.001,"[4, 5, 6, 7, 8, 9]",0.7958262831359278,0.032013254328930284,277
668,relu,sgd,0.001,"[4, 5, 6, 7, 8, 9]",0.8126241447804017,0.019945371936111855,169
669,relu,adam,0.001,"[4, 5, 6, 7, 8, 9]",0.7830500993158244,0.00968874804021629,325
670,relu,lbfgs,0.001,"[4, 5, 6, 7, 8, 9]",0.7958262831359278,0.032013254328930284,277
671,relu,sgd,0.001,"[4, 5, 6, 7, 8, 9]",0.8126241447804017,0.019945371936111855,169
672,relu,adam,0.001,"[4, 5, 6, 7, 8, 9]",0.7830500993158244,0.00968874804021629,325
673,relu,lbfgs,0.001,"[4, 5, 6, 7, 8, 9]",0.7958262831359278,0.032013254328930284,277
674,relu,sgd,0.001,"[4, 5, 6, 7, 8, 9]",0.8126241447804017,0.019945371936111855,169
675,relu,adam,0.001,"[4, 5, 6, 7, 8, 9]",0.7830500993158244,0.00968874804021629,325
676,relu,lbfgs,0.001,"[4, 5, 6, 7, 8, 9]",0.7958262831359278,0.032013254328930284,277
677,relu,sgd,0.001,"[4, 5, 6, 7, 8, 9]",0.8126241447804017,0.019945371936111855,169
678,relu,adam,0.001,"[4, 5, 6, 7, 8, 9]",0.7830500993158244,0.00968874804021629,325
679,relu,lbfgs,0.001,"[4, 5, 6, 7, 8, 9]",0.7958262831359278,0.032013254328930284,277
680,relu,sgd,0.001,"[4, 5, 6, 7, 8, 9]",0.8126241447804017,0.019945371936111855,169
681,relu,adam,0.001,"[4, 5, 6, 7, 8, 9]",0.7830500993158244,0.00968874804021629,325
682,relu,lbfgs,0.001,"[4, 5, 6, 7, 8, 9]",0.7958262831359278,0.032013254328930284,277
683,relu,sgd,0.001,"[4, 5, 6, 7, 8, 9]",0.8126241447804017,0.019945371936111855,169
684,relu,adam,0.0001,"[4, 5, 6, 7, 8, 9]",0.8037470266558768,0.018040673808413746,217
685,relu,lbfgs,0.0001,"[4, 5, 6, 7, 8, 9]",0.77655165648986,0.0032737208775872177,355
686,relu,sgd,0.0001,"[4, 5, 6, 7, 8, 9]",0.8143161921577282,0.01688429116377732,163
687,relu,adam,0.0001,"[4, 5, 6, 7, 8, 9]",0.8037470266558768,0.018040673808413746,217
688,relu,lbfgs,0.0001,"[4, 5, 6, 7, 8, 9]",0.77655165648986,0.0032737208775872177,355
689,relu,sgd,0.0001,"[4, 5, 6, 7, 8, 9]",0.8143161921577282,0.01688429116377732,163
690,relu,adam,0.0001,"[4, 5, 6, 7, 8, 9]",0.8037470266558768,0.018040673808413746,217
691,relu,lbfgs,0.0001,"[4, 5, 6, 7, 8, 9]",0.77655165648986,0.0032737208775872177,355
692,relu,sgd,0.0001,"[4, 5, 6, 7, 8, 9]",0.8143161921577282,0.01688429116377732,163
693,relu,adam,0.0001,"[4, 5, 6, 7, 8, 9]",0.8037470266558768,0.018040673808413746,217
694,relu,lbfgs,0.0001,"[4, 5, 6, 7, 8, 9]",0.77655165648986,0.0032737208775872177,355
695,relu,sgd,0.0001,"[4, 5, 6, 7, 8, 9]",0.8143161921577282,0.01688429116377732,163
696,relu,adam,0.0001,"[4, 5, 6, 7, 8, 9]",0.8037470266558768,0.018040673808413746,217
697,relu,lbfgs,0.0001,"[4, 5, 6, 7, 8, 9]",0.77655165648986,0.0032737208775872177,355
698,relu,sgd,0.0001,"[4, 5, 6, 7, 8, 9]",0.8143161921577282,0.01688429116377732,163
699,relu,adam,0.0001,"[4, 5, 6, 7, 8, 9]",0.8037470266558768,0.018040673808413746,217
700,relu,lbfgs,0.0001,"[4, 5, 6, 7, 8, 9]",0.77655165648986,0.0032737208775872177,355
701,relu,sgd,0.0001,"[4, 5, 6, 7, 8, 9]",0.8143161921577282,0.01688429116377732,163
702,relu,adam,1e-05,"[4, 5, 6, 7, 8, 9]",0.7839329066431251,0.04280831759280851,319
703,relu,lbfgs,1e-05,"[4, 5, 6, 7, 8, 9]",0.801490963486108,0.020982743677639727,247
704,relu,sgd,1e-05,"[4, 5, 6, 7, 8, 9]",0.8184604821108904,0.022310852810514738,139
705,relu,adam,1e-05,"[4, 5, 6, 7, 8, 9]",0.7839329066431251,0.04280831759280851,319
706,relu,lbfgs,1e-05,"[4, 5, 6, 7, 8, 9]",0.801490963486108,0.020982743677639727,247
707,relu,sgd,1e-05,"[4, 5, 6, 7, 8, 9]",0.8184604821108904,0.022310852810514738,139
708,relu,adam,1e-05,"[4, 5, 6, 7, 8, 9]",0.7839329066431251,0.04280831759280851,319
709,relu,lbfgs,1e-05,"[4, 5, 6, 7, 8, 9]",0.801490963486108,0.020982743677639727,247
710,relu,sgd,1e-05,"[4, 5, 6, 7, 8, 9]",0.8184604821108904,0.022310852810514738,139
711,relu,adam,1e-05,"[4, 5, 6, 7, 8, 9]",0.7839329066431251,0.04280831759280851,319
712,relu,lbfgs,1e-05,"[4, 5, 6, 7, 8, 9]",0.801490963486108,0.020982743677639727,247
713,relu,sgd,1e-05,"[4, 5, 6, 7, 8, 9]",0.8184604821108904,0.022310852810514738,139
714,relu,adam,1e-05,"[4, 5, 6, 7, 8, 9]",0.7839329066431251,0.04280831759280851,319
715,relu,lbfgs,1e-05,"[4, 5, 6, 7, 8, 9]",0.801490963486108,0.020982743677639727,247
716,relu,sgd,1e-05,"[4, 5, 6, 7, 8, 9]",0.8184604821108904,0.022310852810514738,139
717,relu,adam,1e-05,"[4, 5, 6, 7, 8, 9]",0.7839329066431251,0.04280831759280851,319
718,relu,lbfgs,1e-05,"[4, 5, 6, 7, 8, 9]",0.801490963486108,0.020982743677639727,247
719,relu,sgd,1e-05,"[4, 5, 6, 7, 8, 9]",0.8184604821108904,0.022310852810514738,139
720,relu,adam,1e-06,"[4, 5, 6, 7, 8, 9]",0.8076460923514555,0.02708670379622939,193
721,relu,lbfgs,1e-06,"[4, 5, 6, 7, 8, 9]",0.7869491650114029,0.04170207038908441,313
722,relu,sgd,1e-06,"[4, 5, 6, 7, 8, 9]",0.791706515608524,0.016954593070653258,283
723,relu,adam,1e-06,"[4, 5, 6, 7, 8, 9]",0.8076460923514555,0.02708670379622939,193
724,relu,lbfgs,1e-06,"[4, 5, 6, 7, 8, 9]",0.7869491650114029,0.04170207038908441,313
725,relu,sgd,1e-06,"[4, 5, 6, 7, 8, 9]",0.791706515608524,0.016954593070653258,283
726,relu,adam,1e-06,"[4, 5, 6, 7, 8, 9]",0.8076460923514555,0.02708670379622939,193
727,relu,lbfgs,1e-06,"[4, 5, 6, 7, 8, 9]",0.7869491650114029,0.04170207038908441,313
728,relu,sgd,1e-06,"[4, 5, 6, 7, 8, 9]",0.791706515608524,0.016954593070653258,283
729,relu,adam,1e-06,"[4, 5, 6, 7, 8, 9]",0.8076460923514555,0.02708670379622939,193
730,relu,lbfgs,1e-06,"[4, 5, 6, 7, 8, 9]",0.7869491650114029,0.04170207038908441,313
731,relu,sgd,1e-06,"[4, 5, 6, 7, 8, 9]",0.791706515608524,0.016954593070653258,283
732,relu,adam,1e-06,"[4, 5, 6, 7, 8, 9]",0.8076460923514555,0.02708670379622939,193
733,relu,lbfgs,1e-06,"[4, 5, 6, 7, 8, 9]",0.7869491650114029,0.04170207038908441,313
734,relu,sgd,1e-06,"[4, 5, 6, 7, 8, 9]",0.791706515608524,0.016954593070653258,283
735,relu,adam,1e-06,"[4, 5, 6, 7, 8, 9]",0.8076460923514555,0.02708670379622939,193
736,relu,lbfgs,1e-06,"[4, 5, 6, 7, 8, 9]",0.7869491650114029,0.04170207038908441,313
737,relu,sgd,1e-06,"[4, 5, 6, 7, 8, 9]",0.791706515608524,0.016954593070653258,283
738,relu,adam,1e-07,"[4, 5, 6, 7, 8, 9]",0.7880771965962873,0.0007266255862100424,307
739,relu,lbfgs,1e-07,"[4, 5, 6, 7, 8, 9]",0.7913141567963903,0.03146835926054906,289
740,relu,sgd,1e-07,"[4, 5, 6, 7, 8, 9]",0.8034037126952598,0.007941707883553728,223
741,relu,adam,1e-07,"[4, 5, 6, 7, 8, 9]",0.7880771965962873,0.0007266255862100424,307
742,relu,lbfgs,1e-07,"[4, 5, 6, 7, 8, 9]",0.7913141567963903,0.03146835926054906,289
743,relu,sgd,1e-07,"[4, 5, 6, 7, 8, 9]",0.8034037126952598,0.007941707883553728,223
744,relu,adam,1e-07,"[4, 5, 6, 7, 8, 9]",0.7880771965962873,0.0007266255862100424,307
745,relu,lbfgs,1e-07,"[4, 5, 6, 7, 8, 9]",0.7913141567963903,0.03146835926054906,289
746,relu,sgd,1e-07,"[4, 5, 6, 7, 8, 9]",0.8034037126952598,0.007941707883553728,223
747,relu,adam,1e-07,"[4, 5, 6, 7, 8, 9]",0.7880771965962873,0.0007266255862100424,307
748,relu,lbfgs,1e-07,"[4, 5, 6, 7, 8, 9]",0.7913141567963903,0.03146835926054906,289
749,relu,sgd,1e-07,"[4, 5, 6, 7, 8, 9]",0.8034037126952598,0.007941707883553728,223
750,relu,adam,1e-07,"[4, 5, 6, 7, 8, 9]",0.7880771965962873,0.0007266255862100424,307
751,relu,lbfgs,1e-07,"[4, 5, 6, 7, 8, 9]",0.7913141567963903,0.03146835926054906,289
752,relu,sgd,1e-07,"[4, 5, 6, 7, 8, 9]",0.8034037126952598,0.007941707883553728,223
753,relu,adam,1e-07,"[4, 5, 6, 7, 8, 9]",0.7880771965962873,0.0007266255862100424,307
754,relu,lbfgs,1e-07,"[4, 5, 6, 7, 8, 9]",0.7913141567963903,0.03146835926054906,289
755,relu,sgd,1e-07,"[4, 5, 6, 7, 8, 9]",0.8034037126952598,0.007941707883553728,223
756,relu,adam,1e-08,"[4, 5, 6, 7, 8, 9]",0.8057333431423036,0.029492578176917063,199
757,relu,lbfgs,1e-08,"[4, 5, 6, 7, 8, 9]",0.7583560165771598,0.017223997435829377,361
758,relu,sgd,1e-08,"[4, 5, 6, 7, 8, 9]",0.8016626204664166,0.007023267261009452,235
759,relu,adam,1e-08,"[4, 5, 6, 7, 8, 9]",0.8057333431423036,0.029492578176917063,199
760,relu,lbfgs,1e-08,"[4, 5, 6, 7, 8, 9]",0.7583560165771598,0.017223997435829377,361
761,relu,sgd,1e-08,"[4, 5, 6, 7, 8, 9]",0.8016626204664166,0.007023267261009452,235
762,relu,adam,1e-08,"[4, 5, 6, 7, 8, 9]",0.8057333431423036,0.029492578176917063,199
763,relu,lbfgs,1e-08,"[4, 5, 6, 7, 8, 9]",0.7583560165771598,0.017223997435829377,361
764,relu,sgd,1e-08,"[4, 5, 6, 7, 8, 9]",0.8016626204664166,0.007023267261009452,235
765,relu,adam,1e-08,"[4, 5, 6, 7, 8, 9]",0.8057333431423036,0.029492578176917063,199
766,relu,lbfgs,1e-08,"[4, 5, 6, 7, 8, 9]",0.7583560165771598,0.017223997435829377,361
767,relu,sgd,1e-08,"[4, 5, 6, 7, 8, 9]",0.8016626204664166,0.007023267261009452,235
768,relu,adam,1e-08,"[4, 5, 6, 7, 8, 9]",0.8057333431423036,0.029492578176917063,199
769,relu,lbfgs,1e-08,"[4, 5, 6, 7, 8, 9]",0.7583560165771598,0.017223997435829377,361
770,relu,sgd,1e-08,"[4, 5, 6, 7, 8, 9]",0.8016626204664166,0.007023267261009452,235
771,relu,adam,1e-08,"[4, 5, 6, 7, 8, 9]",0.8057333431423036,0.029492578176917063,199
772,relu,lbfgs,1e-08,"[4, 5, 6, 7, 8, 9]",0.7583560165771598,0.017223997435829377,361
773,relu,sgd,1e-08,"[4, 5, 6, 7, 8, 9]",0.8016626204664166,0.007023267261009452,235
774,relu,adam,1e-09,"[4, 5, 6, 7, 8, 9]",0.807891316609039,0.02800407338021065,187
775,relu,lbfgs,1e-09,"[4, 5, 6, 7, 8, 9]",0.7961695970965448,0.04312081527145303,271
776,relu,sgd,1e-09,"[4, 5, 6, 7, 8, 9]",0.8016626204664166,0.007023267261009452,235
777,relu,adam,1e-09,"[4, 5, 6, 7, 8, 9]",0.807891316609039,0.02800407338021065,187
778,relu,lbfgs,1e-09,"[4, 5, 6, 7, 8, 9]",0.7961695970965448,0.04312081527145303,271
779,relu,sgd,1e-09,"[4, 5, 6, 7, 8, 9]",0.8016626204664166,0.007023267261009452,235
780,relu,adam,1e-09,"[4, 5, 6, 7, 8, 9]",0.807891316609039,0.02800407338021065,187
781,relu,lbfgs,1e-09,"[4, 5, 6, 7, 8, 9]",0.7961695970965448,0.04312081527145303,271
782,relu,sgd,1e-09,"[4, 5, 6, 7, 8, 9]",0.8016626204664166,0.007023267261009452,235
783,relu,adam,1e-09,"[4, 5, 6, 7, 8, 9]",0.807891316609039,0.02800407338021065,187
784,relu,lbfgs,1e-09,"[4, 5, 6, 7, 8, 9]",0.7961695970965448,0.04312081527145303,271
785,relu,sgd,1e-09,"[4, 5, 6, 7, 8, 9]",0.8016626204664166,0.007023267261009452,235
786,relu,adam,1e-09,"[4, 5, 6, 7, 8, 9]",0.807891316609039,0.02800407338021065,187
787,relu,lbfgs,1e-09,"[4, 5, 6, 7, 8, 9]",0.7961695970965448,0.04312081527145303,271
788,relu,sgd,1e-09,"[4, 5, 6, 7, 8, 9]",0.8016626204664166,0.007023267261009452,235
789,relu,adam,1e-09,"[4, 5, 6, 7, 8, 9]",0.807891316609039,0.02800407338021065,187
790,relu,lbfgs,1e-09,"[4, 5, 6, 7, 8, 9]",0.7961695970965448,0.04312081527145303,271
791,relu,sgd,1e-09,"[4, 5, 6, 7, 8, 9]",0.8016626204664166,0.007023267261009452,235
